alpha,beta,temp,total_cov,avg_recall_per_group
0.5,0.5,1.0,0.5038164203933849,0.5307755176911899
