alpha,beta,temp,total_cov,avg_recall_per_group
0.5,0.5,1.0,0.5000978569331637,0.5394133416880392
